Date,Name,Year,Letterboxd URI
2023-10-01,Kung Fu Hustle,2004,https://boxd.it/1YBi
2023-10-01,Guardians of the Galaxy Vol. 3,2023,https://boxd.it/fVNI
2023-10-01,Drive My Car,2021,https://boxd.it/sv94
2023-10-01,Snowpiercer,2013,https://boxd.it/3Icg
2023-10-01,Dog Day Afternoon,1975,https://boxd.it/29bg
2023-10-01,Hacksaw Ridge,2016,https://boxd.it/azew
2023-10-01,Heat,1995,https://boxd.it/2bg8
2023-10-01,The Departed,2006,https://boxd.it/28MA
2023-10-01,GoodFellas,1990,https://boxd.it/29FA
2023-10-01,RRR,2022,https://boxd.it/ljDs
2023-10-01,The Whale,2022,https://boxd.it/tw4c
2023-10-01,12 Years a Slave,2013,https://boxd.it/2D2e
2023-10-01,Initial D,2005,https://boxd.it/1K9Y
2023-10-01,Akira,1988,https://boxd.it/2b1i
2023-10-01,Jaws,1975,https://boxd.it/2a5e
2023-10-01,Knives Out,2019,https://boxd.it/jWEA
2023-10-01,Glass Onion,2022,https://boxd.it/oCkK
2023-10-01,Teenage Mutant Ninja Turtles: Mutant Mayhem,2023,https://boxd.it/mK0a
2023-10-01,Joe,2013,https://boxd.it/4WCO
2023-10-01,The Blair Witch Project,1999,https://boxd.it/26ua
2023-10-01,The Silence of the Lambs,1991,https://boxd.it/2aHW
2023-10-01,Birdman or (The Unexpected Virtue of Ignorance),2014,https://boxd.it/5RFA
2023-10-01,Chungking Express,1994,https://boxd.it/1UDa
2023-10-01,From Dusk Till Dawn,1996,https://boxd.it/29HQ
2023-10-01,Blade,1998,https://boxd.it/1a8A
2023-10-01,The Exorcist,1973,https://boxd.it/1Yoo
2023-10-01,No Country for Old Men,2007,https://boxd.it/21ew
2023-10-01,Stand and Deliver,1988,https://boxd.it/1o5g
2023-10-01,I Miss You,2019,https://boxd.it/mDho
2023-10-01,Spawn,1997,https://boxd.it/1WvM
2023-10-01,The Crow,1994,https://boxd.it/1Yxq
2023-10-01,The Batman,2022,https://boxd.it/eDGs
2023-10-01,Coraline,2009,https://boxd.it/1NhQ
2023-10-01,Gone Girl,2014,https://boxd.it/6hQu
2023-10-01,The Social Network,2010,https://boxd.it/17ue
2023-10-01,Pulp Fiction,1994,https://boxd.it/29Pq
2023-10-01,Reservoir Dogs,1992,https://boxd.it/2agc
2023-10-01,The Hateful Eight,2015,https://boxd.it/8gw8
2023-10-01,Inglourious Basterds,2009,https://boxd.it/1JzG
2023-10-01,Once Upon a Time... in Hollywood,2019,https://boxd.it/gH0O
2023-10-01,Barbarian,2022,https://boxd.it/yohi
2023-10-01,The Hobbit: An Unexpected Journey,2012,https://boxd.it/GZk
2023-10-01,The Hobbit: The Desolation of Smaug,2013,https://boxd.it/nmS
2023-10-01,The Hobbit: The Battle of the Five Armies,2014,https://boxd.it/43aU
2023-10-01,The Lord of the Rings: The Fellowship of the Ring,2001,https://boxd.it/2b5O
2023-10-01,The Lord of the Rings: The Return of the King,2003,https://boxd.it/2b5u
2023-10-01,The Lord of the Rings: The Two Towers,2002,https://boxd.it/2b5E
2023-10-01,Predator,1987,https://boxd.it/2b84
2023-10-01,Joker,2019,https://boxd.it/h4cS
2023-10-01,Parasite,2019,https://boxd.it/hTha
2023-10-01,Windtalkers,2002,https://boxd.it/1SxO
2023-10-01,Platoon,1986,https://boxd.it/29BS
2023-10-01,Full Metal Jacket,1987,https://boxd.it/2a1Q
2023-10-01,2001: A Space Odyssey,1968,https://boxd.it/2bf0
2023-10-01,A Clockwork Orange,1971,https://boxd.it/2aVE
2023-10-01,Eyes Wide Shut,1999,https://boxd.it/2axs
2023-10-01,Lolita,1962,https://boxd.it/29Ag
2023-10-01,Midsommar,2019,https://boxd.it/jhxe
2023-10-01,The Conjuring,2013,https://boxd.it/4sr2
2023-10-01,Napoleon Dynamite,2004,https://boxd.it/20wu
2023-10-01,When Harry Met Sally...,1989,https://boxd.it/29W2
2023-10-01,Watchmen,2009,https://boxd.it/1QE4
2023-10-01,Bloodsport,1988,https://boxd.it/1Tee
2023-10-01,Radio,2003,https://boxd.it/1P8m
2023-10-01,The Girl with the Dragon Tattoo,2011,https://boxd.it/2Pa
2023-10-01,Scott Pilgrim vs. the World,2010,https://boxd.it/1Aq6
2023-10-03,The Card Counter,2021,https://boxd.it/nTH0
2023-10-30,The Killer,2023,https://boxd.it/u6WE
2023-10-30,Call Me by Your Name,2017,https://boxd.it/dYmm
2023-10-30,Bones and All,2022,https://boxd.it/tLd4
2023-10-30,Mank,2020,https://boxd.it/mIuC
2023-10-30,Waves,2019,https://boxd.it/jpmy
2023-10-30,Pig,2021,https://boxd.it/nzoW
2023-10-30,The Lighthouse,2019,https://boxd.it/icFU
2023-10-30,Asteroid City,2023,https://boxd.it/s3ds
2023-10-30,The Grand Budapest Hotel,2014,https://boxd.it/3ZqO
2023-10-30,American Psycho,2000,https://boxd.it/28Vs
2023-10-30,The Northman,2022,https://boxd.it/nK2s
2023-10-30,The Aviator,2004,https://boxd.it/26BU
2023-10-30,Taxi Driver,1976,https://boxd.it/2b8y
2023-10-30,Killers of the Flower Moon,2023,https://boxd.it/gHp0
2023-10-30,Casino,1995,https://boxd.it/2ads
2023-10-30,The Irishman,2019,https://boxd.it/dYOq
2023-10-30,The Last Temptation of Christ,1988,https://boxd.it/1ULe
2023-10-30,Inception,2010,https://boxd.it/1skk
2023-10-30,Oppenheimer,2023,https://boxd.it/wUow
2023-10-30,Interstellar,2014,https://boxd.it/4VZ8
2023-10-30,The Last Duel,2021,https://boxd.it/mQbe
2023-10-30,We Bought a Zoo,2011,https://boxd.it/2AU8
2023-10-30,Lady Bird,2017,https://boxd.it/dGNE
2023-10-30,Tusk,2014,https://boxd.it/7eoa
2023-10-30,Idiocracy,2006,https://boxd.it/20RW
2023-10-30,The Bourne Identity,2002,https://boxd.it/26EO
2023-10-30,12 Angry Men,1957,https://boxd.it/2auI
2023-10-30,No Hard Feelings,2023,https://boxd.it/xouu
2023-10-30,Pearl,2022,https://boxd.it/zPbe
2023-10-30,Fight Club,1999,https://boxd.it/2a9q
2023-10-30,The Shining,1980,https://boxd.it/29Nu
2023-10-30,Past Lives,2023,https://boxd.it/oNB8
2023-10-30,Bottoms,2023,https://boxd.it/uGf2
2023-10-30,The Menu,2022,https://boxd.it/lScm
2023-10-30,The Godfather,1972,https://boxd.it/2aNK
2023-10-30,Se7en,1995,https://boxd.it/29zs
2023-10-30,Baby Driver,2017,https://boxd.it/bhF2
2023-10-30,The Shawshank Redemption,1994,https://boxd.it/2aHi
2023-10-30,Drive,2011,https://boxd.it/IG
2023-10-30,Donnie Darko,2001,https://boxd.it/2b2A
2023-10-30,Soul,2020,https://boxd.it/ioLA
2023-10-30,Star Wars,1977,https://boxd.it/72s
2023-10-30,Uncut Gems,2019,https://boxd.it/gXGc
2023-10-30,Titanic,1997,https://boxd.it/2a2k
2023-10-30,X,2022,https://boxd.it/sxVa
2023-10-30,The Banshees of Inisherin,2022,https://boxd.it/p7XS
2023-10-30,The Breakfast Club,1985,https://boxd.it/27q4
2023-10-30,Scream,1996,https://boxd.it/24EC
2023-10-30,Marriage Story,2019,https://boxd.it/hJAw
2023-10-30,Mean Girls,2004,https://boxd.it/1VNg
2023-10-30,Blade Runner,1982,https://boxd.it/2bcA
2023-10-30,Alien,1979,https://boxd.it/2awY
2023-10-30,John Wick,2014,https://boxd.it/7dEc
2023-10-30,Us,2019,https://boxd.it/gnV6
2023-10-30,The Thing,1982,https://boxd.it/294O
2023-10-30,The Texas Chain Saw Massacre,1974,https://boxd.it/1lcS
2023-10-30,Get Out,2017,https://boxd.it/eOCm
2023-10-30,Saw,2004,https://boxd.it/2aWW
2023-10-30,Beetlejuice,1988,https://boxd.it/24QI
2023-10-30,Nope,2022,https://boxd.it/sDCe
2023-10-30,A Nightmare on Elm Street,1984,https://boxd.it/2aw0
2023-10-30,Dune,2021,https://boxd.it/fA7G
2023-10-30,Oldboy,2003,https://boxd.it/29R2
2023-11-09,Detroit,2017,https://boxd.it/el3C
2023-11-09,Zero Dark Thirty,2012,https://boxd.it/3n1w
2023-11-09,Desperado,1995,https://boxd.it/20Bk
2023-11-09,The Perfection,2018,https://boxd.it/jgxW
2023-11-09,Dredd,2012,https://boxd.it/GZE
2023-11-09,Fences,2016,https://boxd.it/dL6A
2023-11-09,The Firm,1993,https://boxd.it/18JY
2023-11-09,The Fighter,2010,https://boxd.it/PP4
2023-11-09,The Big Short,2015,https://boxd.it/ajZw
2023-11-09,The Machinist,2004,https://boxd.it/248c
2023-11-09,3:10 to Yuma,2007,https://boxd.it/23g0
2023-11-09,The Killing of a Sacred Deer,2017,https://boxd.it/dZ5G
2023-11-09,The Road to El Dorado,2000,https://boxd.it/1W6s
2023-11-09,Whiplash,2014,https://boxd.it/7bQA
2023-11-09,Spider-Man: Across the Spider-Verse,2023,https://boxd.it/kSz4
2023-11-09,Southpaw,2015,https://boxd.it/9Phu
2023-11-09,Captain Phillips,2013,https://boxd.it/3GPK
2023-11-09,BlacKkKlansman,2018,https://boxd.it/hxL8
2023-11-09,The Wolf of Wall Street,2013,https://boxd.it/3C1m
2023-11-09,Raging Bull,1980,https://boxd.it/28yI
2023-11-09,Loving,2016,https://boxd.it/bhHC
2023-11-09,Cyberbunker: The Criminal Underworld,2023,https://boxd.it/JcVs
2023-11-09,My Suicide,2009,https://boxd.it/2QBw
2023-11-09,mid90s,2018,https://boxd.it/fxIa
2023-11-09,Bird Box,2018,https://boxd.it/eh1i
2023-11-09,Empire of Light,2022,https://boxd.it/uGpm
2024-12-31,Queer,2024,https://boxd.it/E4RW
